organisatie,type,plaats,provincie,email,regio,status,draftId,notitie
# Nieuwe ronde warme koffie-outreach. Focus: curriculum ontwerpen + teamtrainingen / train-de-trainer voor docenten EN begeleiders, special needs en bijzondere plekken. Workshops alleen zijdelings noemen.
# VERIFIEER elk adres voor versturen: bij zorgorganisaties routeert info@ soms naar clientintake; stuur liever naar een opleidingen/HR/behandelteam-contact.
# NB: geen enkele organisatie uit bijzondere-scholen, zorg, sociaal, SO-shortlist, subsidie-scholen of eerdere campagnes. Stad Enschede overgeslagen.
# Alle 12 concepten staan klaar in Gmail (2026-10-03). Kevin verstuurt zelf na adrescheck.
Jarabee,Jeugdhulp,Hengelo,Overijssel (Twente),info@jarabee.nl,REGIO,concept-klaar,r-5256761575677039906,bijna buren (Enter); begeleiders jongeren
Trias Jeugdhulp,Jeugdhulp,Zwolle,Overijssel,info@triasjeugdhulp.nl,REGIO,concept-klaar,r1982902832756176318,kinderen/jongeren met andere ingang
Yorneo,Jeugdhulp,Assen,Drenthe,info@yorneo.nl,REGIO,concept-klaar,r832771170353173157,jeugd & gezin Drenthe
Baalderborg Groep,Gehandicaptenzorg (VG),Hardenberg,Overijssel,info@baalderborg.nl,REGIO,concept-klaar,r-4799868901591034491,VG; begeleiders
De Parabool,Gehandicaptenzorg (VG),Raalte,Overijssel (Salland),info@deparabool.nl,REGIO,concept-klaar,r7683235201298363432,VG Salland
J.P. van den Bent stichting,Gehandicaptenzorg (VG),Deventer,Overijssel,info@jpvandenbent.nl,REGIO,concept-klaar,r3815865868274525564,VG; landelijk vanuit Deventer; train-de-trainer hoek
Zozijn,Gehandicaptenzorg (VG),Wehl,Gelderland (Achterhoek),info@zozijn.nl,,concept-klaar,r4353120995851339010,VG Achterhoek
Accare,Kinder- en jeugdpsychiatrie,Assen,Drenthe,info@accare.nl,REGIO,concept-klaar,r4062216372230010710,KJP; manier van aanbieden telt
Dimence Groep,GGZ (incl. jeugd),Deventer,Overijssel,info@dimence.nl,REGIO,concept-klaar,r675287964081102580,GGZ Overijssel
Vitree,Jeugd & gezin,Lelystad,Flevoland/Overijssel,info@vitree.nl,,concept-klaar,r3372277830800441200,jeugdhulp
LOWAN,Ondersteuning nieuwkomersonderwijs (koepel),Ede,landelijk,info@lowan.nl,,concept-klaar,r7290567586976857837,traint docenten nieuwkomersonderwijs; sterkste train-de-trainer fit
Driestroom,Gehandicaptenzorg + jeugd (VG/LVB),Elst,Gelderland,info@driestroom.nl,,concept-klaar,r6189235024916596437,VG/LVB + jeugd; train-de-trainer hoek
